﻿饮料类商品,标签,消费档次
100g*5瓶益力多,正常,高档
13g雀巢咖啡1+2特浓,正常,高档
145ml旺仔牛奶盒装,正常,正常
145ml旺仔牛奶罐装,正常,低档
150g健能酸奶原味,正常,正常
180ml雀巢咖啡罐装,正常,高档
205g伊利安慕希原味,正常,高档
205ml安慕希蓝莓味,正常,高档
250ML东鹏特饮,正常,正常
250ml燕塘原味酸奶,正常,正常
250ml燕塘甜牛奶,正常,正常
250ml燕塘红枣牛奶,正常,正常
250ml王老吉盒装,正常,低档
250ml红牛,正常,高档
250ml统一麦香奶茶,正常,高档
250ml维他原味豆奶,正常,低档
250ml维他奶低糖原味,正常,高档
250ml维他奶巧克力味,正常,低档
250ml维他奶黑豆奶饮品,正常,低档
250ml维他柠檬茶,正常,低档
250ml维他椰子植物蛋白饮料,正常,高档
250ml维他椰子植物蛋白饮料9374,正常,正常
250ml香满楼纯牛奶,正常,正常
268ml雀巢咖啡丝滑拿铁,正常,高档
330ml伊利畅意乳酸菌原味,正常,高档
450ml美汁源果粒橙,正常,正常
480ml小茗同学冷泡溜溜哒茶,正常,高档
480ml小茗同学冷泡青柠红茶,正常,高档
500ML宝矿力,正常,高档
500ml农夫果园 (芒果+菠萝+番石榴),正常,高档
500ml加多宝,正常,正常
500ml康师傅冰糖雪梨,正常,正常
500ml恒大冰泉矿泉水,正常,低档
500ml统一冰糖雪梨,正常,高档
500ml统一阿萨姆奶茶,正常,高档
500ml营养快线原味,正常,正常
600ml可口可乐,正常,低档
600ml脉动青柠,正常,正常
600ml雪碧,正常,低档
80g香飘飘椰果奶茶原味,正常,正常
80g香飘飘椰果奶茶麦香味,正常,正常
东鹏特饮,热销,正常
乐虎,正常,高档
乐虎（380ml）,正常,正常
伊利优酸乳,正常,低档
伊利纯牛奶,正常,低档
优益C活菌型乳酸菌饮品,正常,高档
健能酸奶,滞销,正常
农夫果园,正常,高档
冰糖雪梨,正常,正常
冰红茶（罐）,正常,低档
加多宝,正常,正常
可乐可乐,正常,正常
可口可乐330ml,正常,低档
可口可乐330ml（罐）,正常,低档
可口可乐最新款,正常,低档
可口可乐（500ml）,正常,低档
商品1,正常,低档
商品2,正常,低档
天地一号,滞销,高档
娃哈哈红枣酸奶,正常,正常
安慕希酸奶,滞销,高档
小茗同学,正常,高档
小茗同学冷泡茶（乳酸菌味）,滞销,高档
尖叫,正常,正常
康师傅矿泉水,正常,低档
怡宝,正常,低档
怡宝矿泉水,正常,低档
怡宝纯净水,热销,低档
拿铁咖啡（统一）,滞销,高档
旺仔牛奶,正常,低档
旺仔牛奶145ml,正常,低档
果粒橙,正常,低档
椰树牌椰汁,正常,正常
燕塘原味酸奶,正常,正常
燕塘甜牛奶,正常,正常
燕塘红枣牛奶,正常,正常
王老吉（500ml）,正常,正常
王老吉（罐）,正常,正常
珠江纯生啤酒,正常,正常
百事可乐330ml,正常,低档
百事可乐500ml,正常,低档
益力多100g*5瓶,正常,高档
红牛,正常,高档
经典奶茶,正常,正常
统一冰红茶,热销,低档
统一绿茶,正常,低档
统一阿萨姆奶茶,正常,高档
维他原味豆奶,正常,正常
维他奶,正常,低档
维他奶黑豆奶饮品,正常,正常
维他奶（巧克力味）,正常,正常
维他柠檬茶,正常,低档
维他柠檬茶330ml（罐）,正常,低档
美年达（罐）,正常,低档
美汁源果粒橙,正常,正常
脉动,热销,正常
脉动（椰子菠萝口味）,滞销,高档
脉动（青柠）,正常,高档
芦荟汁,滞销,高档
芬达330ml,正常,低档
茉莉蜜茶,正常,低档
营养快线,热销,正常
银鹭八宝粥,正常,正常
阿萨姆奶茶,热销,正常
阿萨姆煎茶奶绿,正常,正常
雀巢咖啡,正常,高档
雪力矿泉水,正常,低档
雪碧,正常,正常
雪碧330ml,正常,低档
雪碧最新款,正常,低档
雪碧（500ml）,正常,低档
